1,1,17.541666666666668,291.375,107.25,27.041666666666668,140.125,67.91666666666667
1,2,16.625,300.6666666666667,109.75,29.166666666666668,107.54166666666667,57.166666666666664
1,3,17.5,280.6666666666667,104.83333333333333,21.166666666666668,255.66666666666666,100.08333333333333
1,4,16.708333333333332,284.9583333333333,106.25,23.416666666666668,245.75,97.20833333333333
1,5,16.875,278.4166666666667,104.29166666666667,20.458333333333332,230.16666666666666,98.08333333333333
1,6,18.875,266.8333333333333,104.04166666666667,34.916666666666664,128.79166666666666,80.16666666666667
1,7,17.875,287.8333333333333,109.0,21.916666666666668,246.91666666666666,100.29166666666667
1,8,23.041666666666668,256.2083333333333,105.625,44.25,68.125,66.79166666666667
1,9,16.75,285.4166666666667,108.45833333333333,16.75,285.4166666666667,108.45833333333333
1,10,15.25,290.9166666666667,109.08333333333333,15.25,290.9166666666667,109.08333333333333
1,11,19.0,274.5833333333333,109.04166666666667,19.0,274.5833333333333,109.04166666666667
1,12,28.0,255.875,113.625,44.166666666666664,24.041666666666668,53.416666666666664
1,13,21.958333333333332,299.0833333333333,120.25,46.791666666666664,46.25,64.29166666666667
1,14,22.791666666666668,286.4166666666667,118.58333333333333,28.083333333333332,225.54166666666666,107.79166666666667
1,15,23.125,278.9166666666667,117.25,29.583333333333332,223.08333333333334,103.66666666666667
1,16,33.0,227.41666666666666,111.16666666666667,38.708333333333336,81.625,67.625
1,17,27.041666666666668,269.0833333333333,120.83333333333333,41.375,103.16666666666667,68.58333333333333
1,18,24.375,295.25,124.66666666666667,36.666666666666664,162.16666666666666,97.25
1,19,22.25,298.0416666666667,124.95833333333333,23.708333333333332,251.04166666666666,118.375
1,20,34.0,233.16666666666666,117.875,35.25,0.625,35.458333333333336
1,21,27.333333333333332,280.9583333333333,126.75,45.375,32.208333333333336,52.375
1,22,36.416666666666664,229.25,119.75,32.458333333333336,62.708333333333336,50.875
1,23,35.041666666666664,246.58333333333334,123.58333333333333,41.541666666666664,33.125,56.833333333333336
1,24,24.333333333333332,326.9583333333333,136.45833333333334,49.333333333333336,129.83333333333334,89.66666666666667
1,25,30.416666666666668,286.2916666666667,129.625,47.375,67.375,70.625
1,26,28.75,288.4583333333333,130.66666666666666,48.25,23.375,56.5
1,27,28.958333333333332,300.0,134.91666666666666,49.875,81.625,85.41666666666667
1,28,24.791666666666668,327.7083333333333,141.33333333333334,25.375,289.4583333333333,137.0
1,29,26.5,323.5416666666667,141.54166666666666,34.875,259.375,127.95833333333333
1,30,24.5,320.4583333333333,138.5,33.125,222.04166666666666,120.16666666666667
1,31,29.75,286.25,132.75,37.875,199.79166666666666,106.08333333333333
2,1,25.5,313.1666666666667,139.79166666666666,53.291666666666664,118.75,93.75
2,2,24.25,322.2083333333333,143.0,46.541666666666664,140.58333333333334,107.58333333333333
2,3,31.291666666666668,281.2916666666667,137.25,37.291666666666664,0.20833333333333334,37.416666666666664
2,4,31.208333333333332,287.4583333333333,139.83333333333334,20.0,0.0,20.0
2,5,26.75,326.875,149.125,49.958333333333336,66.16666666666667,61.125
2,6,27.291666666666668,328.9583333333333,151.95833333333334,38.416666666666664,48.166666666666664,42.833333333333336
2,7,36.625,283.2916666666667,146.08333333333334,38.25,19.75,41.0
2,8,23.958333333333332,357.25,161.375,58.541666666666664,84.45833333333333,82.95833333333333
2,9,26.916666666666668,349.125,161.08333333333334,59.25,101.5,85.91666666666667
2,10,31.333333333333332,330.625,161.41666666666666,61.583333333333336,42.5,75.20833333333333
2,11,23.333333333333332,379.875,171.33333333333334,23.333333333333332,363.5833333333333,169.875
2,12,22.791666666666668,387.6666666666667,174.125,22.791666666666668,387.6666666666667,174.125
2,13,43.916666666666664,295.7916666666667,164.08333333333334,49.708333333333336,28.291666666666668,54.583333333333336
2,14,35.25,327.625,171.5,68.20833333333333,66.0,87.95833333333333
2,15,39.708333333333336,289.5416666666667,160.66666666666666,55.0,170.08333333333334,121.54166666666667
2,16,27.875,351.1666666666667,175.95833333333334,26.208333333333332,342.9583333333333,173.375
2,17,32.166666666666664,335.5416666666667,172.41666666666666,44.708333333333336,245.41666666666666,150.58333333333334
2,18,28.291666666666668,366.5,182.91666666666666,28.291666666666668,366.5,182.91666666666666
2,19,29.333333333333332,367.0,184.54166666666666,29.333333333333332,367.0,184.54166666666666
2,20,32.291666666666664,349.25,182.16666666666666,46.583333333333336,217.625,151.0
2,21,33.583333333333336,337.5,182.08333333333334,64.54166666666667,135.66666666666666,126.45833333333333
2,22,29.25,357.8333333333333,185.25,67.25,100.41666666666667,112.79166666666667
2,23,37.333333333333336,331.375,181.58333333333334,28.75,3.0833333333333335,29.166666666666668
2,24,34.333333333333336,373.9166666666667,199.41666666666666,55.958333333333336,50.791666666666664,86.66666666666667
2,25,32.916666666666664,399.5833333333333,206.875,31.5,376.375,202.125
2,26,37.583333333333336,370.8333333333333,201.91666666666666,37.208333333333336,364.4166666666667,201.33333333333334
2,27,33.208333333333336,385.9583333333333,205.33333333333334,33.208333333333336,385.9583333333333,205.33333333333334
2,28,45.333333333333336,321.9583333333333,190.33333333333334,51.208333333333336,62.375,65.625
2,29,47.208333333333336,326.2916666666667,195.91666666666666,59.416666666666664,65.70833333333333,75.95833333333333
3,1,45.541666666666664,325.8333333333333,199.16666666666666,72.04166666666667,117.625,125.75
3,2,61.666666666666664,306.25,204.33333333333334,49.416666666666664,11.5,53.541666666666664
3,3,37.666666666666664,397.4583333333333,221.58333333333334,77.16666666666667,30.416666666666668,92.16666666666667
3,4,38.958333333333336,399.1666666666667,223.91666666666666,78.625,122.29166666666667,126.5
3,5,44.541666666666664,379.0,223.125,42.916666666666664,355.4583333333333,217.29166666666666
3,6,38.833333333333336,361.0416666666667,213.79166666666666,38.833333333333336,361.0416666666667,213.79166666666666
3,7,55.166666666666664,295.0416666666667,202.41666666666666,50.875,23.041666666666668,55.625
3,8,34.833333333333336,399.2083333333333,231.04166666666666,37.208333333333336,364.0833333333333,219.0
3,9,33.375,410.5416666666667,230.625,33.375,410.5416666666667,230.625
3,10,33.083333333333336,405.7916666666667,232.25,33.083333333333336,405.7916666666667,232.25
3,11,35.916666666666664,386.875,227.91666666666666,88.66666666666667,129.625,147.79166666666666
3,12,44.5,351.5833333333333,224.125,71.08333333333333,75.16666666666667,119.20833333333333
3,13,37.625,389.75,233.79166666666666,38.375,373.5833333333333,231.16666666666666
3,14,43.625,368.7083333333333,228.625,93.54166666666667,132.16666666666666,149.0
3,15,41.166666666666664,375.0833333333333,233.875,46.125,333.7083333333333,225.25
3,16,50.291666666666664,341.5833333333333,227.54166666666666,60.875,252.45833333333334,195.29166666666666
3,17,42.625,366.1666666666667,232.70833333333334,64.5,231.58333333333334,197.91666666666666
3,18,48.166666666666664,353.5833333333333,232.91666666666666,64.91666666666667,196.125,179.45833333333334
3,19,53.416666666666664,327.5416666666667,230.16666666666666,80.83333333333333,175.33333333333334,167.41666666666666
3,20,48.5,348.625,237.45833333333334,79.45833333333333,238.79166666666666,200.33333333333334
3,21,47.541666666666664,365.4166666666667,241.83333333333334,103.91666666666667,106.5,162.66666666666666
3,22,44.916666666666664,372.25,242.95833333333334,78.70833333333333,11.75,83.29166666666667
3,23,46.958333333333336,383.3333333333333,251.75,105.83333333333333,99.25,158.54166666666666
3,24,53.291666666666664,360.25,246.20833333333334,77.41666666666667,50.541666666666664,92.25
3,25,46.916666666666664,378.375,254.54166666666666,64.70833333333333,308.4583333333333,233.0
3,26,57.541666666666664,345.0416666666667,251.375,105.5,119.20833333333333,171.375
3,27,69.41666666666667,316.7916666666667,246.5,101.5,137.33333333333334,183.5
3,28,44.125,406.9583333333333,271.625,45.583333333333336,402.5833333333333,269.7916666666667
3,29,61.375,352.25,257.2916666666667,105.16666666666667,167.25,194.33333333333334
3,30,58.208333333333336,363.625,266.5,101.29166666666667,34.25,120.33333333333333
3,31,62.291666666666664,359.0,265.0416666666667,87.5,141.125,178.125
4,1,54.083333333333336,378.9166666666667,268.5833333333333,54.583333333333336,352.375,263.0
4,2,64.58333333333333,349.375,264.4583333333333,73.20833333333333,332.7916666666667,259.9166666666667
4,3,65.33333333333333,357.0,269.0416666666667,96.08333333333333,239.66666666666666,234.0
4,4,60.291666666666664,368.75,278.0,76.875,285.625,254.0
4,5,47.625,438.1666666666667,298.2916666666667,51.583333333333336,372.4166666666667,284.7916666666667
4,6,46.791666666666664,447.6666666666667,300.125,46.916666666666664,436.7916666666667,299.0833333333333
4,7,79.54166666666667,340.2083333333333,274.4166666666667,81.91666666666667,77.5,106.66666666666667
4,8,54.666666666666664,411.2083333333333,297.1666666666667,52.166666666666664,380.3333333333333,285.0
4,9,49.416666666666664,438.2083333333333,303.4166666666667,49.416666666666664,438.2083333333333,303.4166666666667
4,10,48.25,459.0416666666667,312.6666666666667,48.25,459.0416666666667,312.6666666666667
4,11,46.375,464.0416666666667,313.7916666666667,46.375,464.0416666666667,313.7916666666667
4,12,50.75,448.0,309.8333333333333,79.83333333333333,368.875,283.0416666666667
4,13,77.08333333333333,362.7083333333333,290.0833333333333,77.5,34.916666666666664,90.125
4,14,64.08333333333333,386.4583333333333,298.2083333333333,120.33333333333333,37.875,143.875
4,15,82.58333333333333,329.5,282.1666666666667,119.125,34.375,139.625
4,16,47.291666666666664,439.2916666666667,316.5833333333333,113.54166666666667,161.125,205.04166666666666
4,17,55.166666666666664,435.7083333333333,313.5833333333333,59.958333333333336,369.625,295.7083333333333
4,18,59.958333333333336,406.0416666666667,305.75,122.66666666666667,120.20833333333333,177.04166666666666
4,19,75.5,360.875,298.9583333333333,84.54166666666667,38.083333333333336,97.95833333333333
4,20,57.458333333333336,429.4166666666667,322.9166666666667,134.66666666666666,57.208333333333336,170.875
4,21,62.5,427.1666666666667,319.5,109.41666666666667,179.5,211.20833333333334
4,22,57.375,426.875,325.375,61.041666666666664,309.875,281.0833333333333
4,23,54.416666666666664,448.5416666666667,328.9166666666667,85.33333333333333,353.5,297.4166666666667
4,24,53.875,438.7083333333333,322.25,89.33333333333333,261.375,252.29166666666666
4,25,67.29166666666667,395.2083333333333,310.125,124.625,226.75,256.5833333333333
4,26,51.375,449.3333333333333,332.8333333333333,54.0,422.25,327.875
4,27,66.41666666666667,416.9583333333333,325.0,123.16666666666667,135.58333333333334,209.5
4,28,90.5,343.9166666666667,314.75,85.79166666666667,8.125,89.875
4,29,86.83333333333333,346.125,311.0833333333333,93.875,10.666666666666666,100.375
4,30,78.41666666666667,371.5833333333333,324.3333333333333,97.5,77.33333333333333,135.45833333333334
5,1,74.45833333333333,382.6666666666667,318.125,114.16666666666667,87.16666666666667,156.625
5,2,77.0,369.4583333333333,315.625,99.54166666666667,61.041666666666664,148.79166666666666
5,3,74.20833333333333,371.7916666666667,317.875,131.08333333333334,135.20833333333334,221.875
5,4,76.70833333333333,373.375,319.75,116.625,183.29166666666666,241.33333333333334
5,5,81.91666666666667,370.125,320.4583333333333,106.91666666666667,242.625,272.875
5,6,74.875,377.4166666666667,322.25,146.625,100.375,212.625
5,7,72.83333333333333,400.7083333333333,335.5833333333333,124.79166666666667,214.58333333333334,270.5
5,8,53.791666666666664,466.5416666666667,352.3333333333333,91.33333333333333,334.5833333333333,301.875
5,9,53.583333333333336,471.4166666666667,353.7916666666667,113.41666666666667,285.5416666666667,281.125
5,10,54.541666666666664,471.625,355.0416666666667,54.541666666666664,471.625,355.0416666666667
5,11,63.875,434.9166666666667,340.75,89.29166666666667,358.75,320.0416666666667
5,12,73.375,406.9166666666667,340.875,137.125,211.29166666666666,281.375
5,13,58.416666666666664,463.8333333333333,361.1666666666667,58.708333333333336,432.1666666666667,352.9166666666667
5,14,61.708333333333336,473.7083333333333,361.7083333333333,61.708333333333336,473.7083333333333,361.7083333333333
5,15,71.54166666666667,430.9583333333333,348.125,80.70833333333333,387.4583333333333,335.9583333333333
5,16,57.25,465.9583333333333,361.0833333333333,60.375,443.5416666666667,355.0833333333333
5,17,69.95833333333333,453.25,357.0833333333333,89.875,406.5,339.9166666666667
5,18,65.875,452.2083333333333,360.2916666666667,96.33333333333333,375.25,337.125
5,19,98.91666666666667,374.1666666666667,339.0416666666667,128.875,279.0,296.5833333333333
5,20,81.16666666666667,385.375,346.1666666666667,123.95833333333333,251.29166666666666,298.625
5,21,55.25,495.6666666666667,374.7916666666667,55.541666666666664,487.9583333333333,373.2916666666667
5,22,56.041666666666664,483.125,366.0833333333333,56.041666666666664,483.125,366.0833333333333
5,23,60.708333333333336,472.7916666666667,364.625,115.16666666666667,354.3333333333333,328.1666666666667
5,24,103.08333333333333,362.7916666666667,335.625,107.25,304.4583333333333,306.625
5,25,84.5,377.875,346.0833333333333,128.45833333333334,84.20833333333333,177.625
5,26,121.79166666666667,306.875,328.3333333333333,121.875,224.29166666666666,287.0833333333333
5,27,72.04166666666667,411.6666666666667,355.3333333333333,71.41666666666667,410.0,354.4583333333333
5,28,72.58333333333333,426.875,354.625,116.875,261.0416666666667,290.4583333333333
5,29,53.916666666666664,493.75,374.625,53.916666666666664,493.75,374.625
5,30,56.666666666666664,488.875,376.2916666666667,59.625,470.4166666666667,371.125
5,31,75.79166666666667,426.25,363.5416666666667,82.75,23.0,92.58333333333333
6,1,59.541666666666664,491.2916666666667,380.0416666666667,93.41666666666667,372.4583333333333,337.0833333333333
6,2,73.95833333333333,445.375,364.7083333333333,117.66666666666667,219.16666666666666,246.75
6,3,70.75,451.8333333333333,363.2083333333333,118.33333333333333,320.625,311.2083333333333
6,4,71.75,423.625,359.875,124.95833333333333,203.625,260.75
6,5,65.95833333333333,462.9166666666667,366.625,102.70833333333333,369.25,335.125
6,6,56.458333333333336,489.4583333333333,376.6666666666667,61.375,444.8333333333333,366.5
6,7,57.541666666666664,489.6666666666667,374.9166666666667,95.25,430.4583333333333,359.1666666666667
6,8,64.29166666666667,463.4166666666667,368.4166666666667,78.66666666666667,423.125,358.125
6,9,61.375,476.1666666666667,375.7083333333333,61.375,476.1666666666667,375.7083333333333
6,10,61.041666666666664,467.2916666666667,369.2083333333333,61.041666666666664,467.2916666666667,369.2083333333333
6,11,73.5,429.5416666666667,366.6666666666667,138.75,216.45833333333334,277.4166666666667
6,12,49.958333333333336,518.2916666666666,388.25,52.0,508.5,385.8333333333333
6,13,70.95833333333333,466.375,372.2916666666667,139.625,271.9583333333333,293.25
6,14,61.541666666666664,470.9166666666667,371.8333333333333,104.0,375.0416666666667,346.375
6,15,67.875,457.1666666666667,367.25,143.5,250.54166666666666,298.0
6,16,72.70833333333333,422.1666666666667,358.7083333333333,128.16666666666666,208.25,280.375
6,17,60.041666666666664,472.7916666666667,374.125,97.54166666666667,341.25,329.25
6,18,66.70833333333333,440.9583333333333,360.9583333333333,67.375,422.0416666666667,358.4583333333333
6,19,55.75,468.5,369.25,55.75,468.5,369.25
6,20,56.458333333333336,471.2916666666667,365.3333333333333,71.41666666666667,451.75,362.2083333333333
6,21,51.541666666666664,491.7083333333333,380.375,67.20833333333333,417.5416666666667,362.7083333333333
6,22,49.125,517.125,383.1666666666667,59.541666666666664,501.75,378.9583333333333
6,23,77.875,437.3333333333333,365.0833333333333,148.58333333333334,103.79166666666667,195.54166666666666
6,24,69.79166666666667,436.2916666666667,360.0,88.58333333333333,237.45833333333334,279.0416666666667
6,25,51.458333333333336,493.8333333333333,384.4166666666667,52.5,482.0,382.375
6,26,70.125,484.0,377.0,72.66666666666667,472.6666666666667,374.25
6,27,68.79166666666667,448.7916666666667,364.9166666666667,72.125,429.0,360.5416666666667
6,28,79.79166666666667,403.2916666666667,352.0416666666667,102.625,345.75,333.2916666666667
6,29,92.20833333333333,376.5416666666667,345.7916666666667,138.875,109.33333333333333,212.16666666666666
6,30,90.20833333333333,382.875,352.6666666666667,94.54166666666667,265.5416666666667,304.8333333333333
7,1,91.75,377.5,348.9166666666667,100.875,314.7083333333333,322.7083333333333
7,2,80.83333333333333,403.1666666666667,352.5,83.04166666666667,392.7083333333333,349.7916666666667
7,3,81.125,401.6666666666667,351.2916666666667,110.5,329.8333333333333,334.4166666666667
7,4,79.58333333333333,403.4166666666667,352.4583333333333,86.20833333333333,392.875,349.9583333333333
7,5,89.33333333333333,384.375,345.9166666666667,132.08333333333334,296.3333333333333,319.7083333333333
7,6,76.33333333333333,406.25,352.7916666666667,76.33333333333333,406.25,352.7916666666667
7,7,64.20833333333333,438.75,356.4583333333333,67.375,424.6666666666667,353.0833333333333
7,8,68.20833333333333,431.5833333333333,356.5416666666667,93.625,326.25,322.9166666666667
7,9,57.416666666666664,474.875,366.125,81.04166666666667,378.5833333333333,320.125
7,10,67.41666666666667,446.1666666666667,359.75,69.75,424.5,356.2916666666667
7,11,58.666666666666664,467.7083333333333,368.3333333333333,58.666666666666664,467.7083333333333,368.3333333333333
7,12,60.208333333333336,472.1666666666667,365.5833333333333,116.33333333333333,343.6666666666667,319.4583333333333
7,13,97.625,372.375,341.5833333333333,130.95833333333334,113.45833333333333,192.33333333333334
7,14,80.5,394.125,347.25,123.04166666666667,240.41666666666666,282.0833333333333
7,15,66.45833333333333,436.9583333333333,355.625,106.08333333333333,328.3333333333333,324.0833333333333
7,16,55.375,459.0416666666667,358.125,65.58333333333333,414.625,348.0
7,17,56.833333333333336,456.25,354.0,91.54166666666667,370.5,321.0416666666667
7,18,64.33333333333333,435.5,348.0,82.0,358.8333333333333,323.6666666666667
7,19,52.833333333333336,452.9583333333333,354.2916666666667,87.70833333333333,370.8333333333333,324.0
7,20,57.25,462.125,356.4583333333333,90.08333333333333,286.5416666666667,265.9166666666667
7,21,65.875,435.5833333333333,346.1666666666667,142.79166666666666,169.5,223.125
7,22,67.29166666666667,417.25,343.5833333333333,122.375,189.58333333333334,258.1666666666667
7,23,64.91666666666667,420.5833333333333,342.125,80.04166666666667,352.7083333333333,326.5416666666667
7,24,68.75,409.125,338.6666666666667,137.20833333333334,244.16666666666666,287.0416666666667
7,25,57.791666666666664,432.5416666666667,343.4583333333333,88.66666666666667,377.1666666666667,328.7083333333333
7,26,49.375,461.2083333333333,348.75,108.04166666666667,318.125,312.7916666666667
7,27,47.333333333333336,479.75,352.5833333333333,71.25,409.9166666666667,331.5416666666667
7,28,60.541666666666664,444.7083333333333,340.75,133.41666666666666,138.125,200.04166666666666
7,29,66.91666666666667,411.0,333.875,82.5,228.5,270.9166666666667
7,30,55.333333333333336,440.5,338.9166666666667,110.79166666666667,229.45833333333334,257.375
7,31,46.041666666666664,476.75,350.4583333333333,48.916666666666664,462.875,347.4166666666667
8,1,53.333333333333336,460.4583333333333,344.125,56.208333333333336,446.5833333333333,341.0833333333333
8,2,58.208333333333336,441.9583333333333,339.0,128.33333333333334,263.0833333333333,286.5416666666667
8,3,60.708333333333336,430.4583333333333,335.2083333333333,79.875,395.0,325.8333333333333
8,4,78.33333333333333,378.5833333333333,319.0416666666667,104.66666666666667,123.5,163.125
8,5,44.916666666666664,472.7916666666667,350.25,55.666666666666664,418.4583333333333,332.6666666666667
8,6,41.458333333333336,499.9583333333333,347.9583333333333,41.458333333333336,499.9583333333333,347.9583333333333
8,7,56.458333333333336,438.6666666666667,328.7916666666667,62.166666666666664,415.125,323.0416666666667
8,8,75.5,381.75,315.7083333333333,118.83333333333333,159.75,218.375
8,9,62.0,413.375,322.7083333333333,131.41666666666666,152.45833333333334,205.25
8,10,47.541666666666664,454.7916666666667,332.75,73.54166666666667,363.625,311.875
8,11,46.958333333333336,481.5833333333333,342.875,64.375,431.1666666666667,326.75
8,12,76.16666666666667,385.6666666666667,313.0,78.875,64.875,100.70833333333333
8,13,75.45833333333333,360.75,310.2083333333333,94.375,79.625,132.375
8,14,56.083333333333336,426.4166666666667,319.5833333333333,84.375,365.2083333333333,298.9583333333333
8,15,58.375,404.75,313.125,70.79166666666667,361.4583333333333,299.0416666666667
8,16,116.79166666666667,277.9166666666667,289.2916666666667,106.66666666666667,188.04166666666666,223.70833333333334
8,17,41.333333333333336,481.2083333333333,333.2916666666667,46.833333333333336,465.7916666666667,328.2083333333333
8,18,46.25,459.5833333333333,323.9583333333333,110.25,246.91666666666666,256.9166666666667
8,19,46.833333333333336,443.4583333333333,316.375,95.79166666666667,240.54166666666666,240.5
8,20,40.416666666666664,465.5833333333333,322.5416666666667,61.416666666666664,395.7916666666667,305.4166666666667
8,21,43.75,466.875,320.375,49.416666666666664,439.4583333333333,313.9166666666667
8,22,47.916666666666664,441.7083333333333,309.9166666666667,83.04166666666667,336.75,280.875
8,23,55.875,411.875,302.5833333333333,70.875,349.875,281.0833333333333
8,24,55.666666666666664,401.5,299.2083333333333,55.666666666666664,401.5,299.2083333333333
8,25,57.625,397.4583333333333,294.9583333333333,125.16666666666667,180.625,215.125
8,26,75.95833333333333,328.2916666666667,276.625,71.25,29.125,83.58333333333333
8,27,62.458333333333336,377.375,290.6666666666667,62.458333333333336,377.375,290.6666666666667
8,28,76.25,341.875,277.2083333333333,78.0,333.875,275.0
8,29,62.875,360.0416666666667,280.4583333333333,72.95833333333333,325.3333333333333,268.6666666666667
8,30,58.375,387.8333333333333,284.5833333333333,58.375,387.8333333333333,284.5833333333333
8,31,61.0,369.625,276.9583333333333,107.33333333333333,203.83333333333334,214.125
9,1,51.125,374.0,273.0416666666667,109.95833333333333,18.583333333333332,122.5
9,2,60.666666666666664,354.0833333333333,268.7083333333333,111.08333333333333,153.5,193.5
9,3,66.79166666666667,335.625,263.5,102.41666666666667,215.25,219.20833333333334
9,4,53.416666666666664,363.7083333333333,268.0416666666667,60.291666666666664,311.5416666666667,252.875
9,5,50.625,390.2916666666667,271.7083333333333,54.25,355.0416666666667,265.9583333333333
9,6,52.333333333333336,400.5833333333333,276.1666666666667,52.333333333333336,400.5833333333333,276.1666666666667
9,7,82.58333333333333,303.125,252.16666666666666,93.79166666666667,57.666666666666664,118.91666666666667
9,8,37.583333333333336,435.4583333333333,279.25,46.5,393.3333333333333,267.9166666666667
9,9,36.5,442.7916666666667,277.6666666666667,36.5,442.7916666666667,277.6666666666667
9,10,35.875,447.0,277.9583333333333,35.875,447.0,277.9583333333333
9,11,37.666666666666664,437.8333333333333,272.9583333333333,45.291666666666664,411.7083333333333,266.0416666666667
9,12,45.125,400.0833333333333,260.7916666666667,67.29166666666667,318.5416666666667,240.5
9,13,60.791666666666664,337.3333333333333,250.20833333333334,47.125,15.125,51.083333333333336
9,14,41.75,417.0,265.0416666666667,64.33333333333333,294.9583333333333,237.0
9,15,41.833333333333336,411.9166666666667,261.375,41.916666666666664,403.5416666666667,261.125
9,16,69.66666666666667,327.5,242.41666666666666,70.41666666666667,315.25,240.45833333333334
9,17,96.58333333333333,229.29166666666666,222.79166666666666,77.875,67.54166666666667,115.33333333333333
9,18,34.416666666666664,419.0833333333333,257.4166666666667,57.958333333333336,331.625,227.20833333333334
9,19,38.833333333333336,399.7916666666667,248.0,39.333333333333336,391.5,246.79166666666666
9,20,36.791666666666664,402.9166666666667,248.16666666666666,69.20833333333333,258.5,212.54166666666666
9,21,57.958333333333336,322.4583333333333,231.54166666666666,72.58333333333333,166.125,156.04166666666666
9,22,36.041666666666664,402.8333333333333,247.70833333333334,36.708333333333336,390.1666666666667,246.0
9,23,29.875,429.375,251.83333333333334,30.541666666666668,416.7083333333333,250.125
9,24,46.666666666666664,358.625,231.79166666666666,49.166666666666664,344.5416666666667,227.70833333333334
9,25,43.458333333333336,351.4166666666667,228.5,43.375,348.9583333333333,227.91666666666666
9,26,38.25,383.0416666666667,235.16666666666666,59.666666666666664,277.375,205.79166666666666
9,27,33.5,402.0,235.83333333333334,60.083333333333336,298.0416666666667,206.75
9,28,38.708333333333336,374.5833333333333,227.0,39.416666666666664,360.0,224.5
9,29,43.041666666666664,346.9166666666667,219.0,43.333333333333336,337.7083333333333,217.875
9,30,33.416666666666664,380.3333333333333,222.45833333333334,52.875,316.1666666666667,204.33333333333334
10,1,41.208333333333336,345.4583333333333,213.70833333333334,90.875,140.16666666666666,152.04166666666666
10,2,35.375,360.2083333333333,214.29166666666666,35.375,360.2083333333333,214.29166666666666
10,3,33.333333333333336,377.2083333333333,216.125,33.333333333333336,377.2083333333333,216.125
10,4,46.333333333333336,326.875,201.29166666666666,76.79166666666667,74.54166666666667,96.33333333333333
10,5,40.0,361.3333333333333,210.20833333333334,63.375,50.958333333333336,79.125
10,6,33.791666666666664,383.4583333333333,214.41666666666666,66.20833333333333,142.75,127.70833333333333
10,7,28.25,406.0833333333333,217.45833333333334,28.5,372.625,213.33333333333334
10,8,28.958333333333332,387.9166666666667,207.20833333333334,28.958333333333332,387.9166666666667,207.20833333333334
10,9,43.666666666666664,318.125,192.79166666666666,75.95833333333333,92.625,120.375
10,10,27.791666666666668,386.4166666666667,205.29166666666666,33.5,337.0416666666667,194.75
10,11,38.083333333333336,336.0,191.75,43.208333333333336,282.625,178.58333333333334
10,12,26.041666666666668,382.0416666666667,201.16666666666666,25.541666666666668,371.75,199.79166666666666
10,13,41.416666666666664,292.25,176.54166666666666,55.791666666666664,21.75,61.0
10,14,39.666666666666664,312.5,180.29166666666666,42.333333333333336,20.958333333333332,47.0
10,15,28.5,364.25,189.08333333333334,32.75,350.4166666666667,184.79166666666666
10,16,32.833333333333336,333.25,178.625,47.958333333333336,206.25,144.08333333333334
10,17,38.708333333333336,305.9166666666667,170.5,55.375,24.0,63.875
10,18,33.708333333333336,326.4166666666667,177.25,56.208333333333336,10.291666666666666,59.916666666666664
10,19,33.416666666666664,316.3333333333333,174.875,45.083333333333336,112.58333333333333,94.16666666666667
10,20,27.416666666666668,339.5833333333333,174.04166666666666,57.25,175.41666666666666,132.66666666666666
10,21,29.875,323.625,167.70833333333334,29.875,323.625,167.70833333333334
10,22,40.416666666666664,255.54166666666666,153.95833333333334,58.375,36.0,75.45833333333333
10,23,37.208333333333336,262.875,155.41666666666666,59.625,49.416666666666664,79.29166666666667
10,24,30.958333333333332,287.9583333333333,157.04166666666666,38.625,229.04166666666666,146.5
10,25,47.583333333333336,236.29166666666666,148.04166666666666,29.458333333333332,5.458333333333333,30.5
10,26,23.5,353.2083333333333,169.875,32.0,298.8333333333333,156.5
10,27,24.875,334.8333333333333,164.875,47.0,223.75,136.08333333333334
10,28,24.083333333333332,332.4166666666667,162.95833333333334,24.083333333333332,332.4166666666667,162.95833333333334
10,29,24.333333333333332,323.375,158.04166666666666,27.958333333333332,281.5,149.95833333333334
10,30,20.958333333333332,337.8333333333333,158.66666666666666,20.958333333333332,337.8333333333333,158.66666666666666
10,31,19.291666666666668,345.9583333333333,158.125,19.291666666666668,345.9583333333333,158.125
11,1,25.25,307.9583333333333,149.45833333333334,34.75,233.625,134.70833333333334
11,2,28.375,288.75,145.0,55.416666666666664,127.70833333333333,108.125
11,3,26.0,300.5833333333333,147.20833333333334,40.208333333333336,179.0,115.29166666666667
11,4,27.708333333333332,286.2916666666667,141.875,40.083333333333336,136.58333333333334,102.95833333333333
11,5,29.708333333333332,276.0833333333333,139.08333333333334,52.875,67.54166666666667,85.33333333333333
11,6,37.333333333333336,243.04166666666666,134.04166666666666,31.25,5.541666666666667,33.666666666666664
11,7,23.833333333333332,305.4583333333333,141.41666666666666,52.833333333333336,48.583333333333336,67.41666666666667
11,8,21.833333333333332,302.5416666666667,137.0,21.833333333333332,302.5416666666667,137.0
11,9,30.208333333333332,248.0,127.33333333333333,47.583333333333336,120.75,97.79166666666667
11,10,24.625,265.2916666666667,126.91666666666667,38.125,101.125,84.75
11,11,33.5,229.95833333333334,121.20833333333333,12.083333333333334,0.0,12.083333333333334
11,12,23.208333333333332,294.5833333333333,133.41666666666666,38.125,184.45833333333334,109.25
11,13,20.333333333333332,305.2083333333333,133.70833333333334,20.75,290.75,132.33333333333334
11,14,22.541666666666668,283.8333333333333,128.04166666666666,23.166666666666668,265.6666666666667,125.58333333333333
11,15,23.916666666666668,273.75,124.25,31.416666666666668,224.20833333333334,113.04166666666667
11,16,20.458333333333332,295.0,127.83333333333333,20.458333333333332,295.0,127.83333333333333
11,17,22.791666666666668,281.1666666666667,124.16666666666667,35.25,211.95833333333334,106.25
11,18,20.75,282.2916666666667,121.79166666666667,41.25,151.125,91.29166666666667
11,19,35.958333333333336,205.58333333333334,109.95833333333333,40.875,98.75,77.25
11,20,24.958333333333332,260.4583333333333,116.58333333333333,44.75,25.125,49.458333333333336
11,21,20.125,281.9583333333333,118.08333333333333,26.041666666666668,224.79166666666666,104.875
11,22,24.333333333333332,249.08333333333334,110.25,46.041666666666664,49.75,62.375
11,23,17.541666666666668,304.4583333333333,121.125,25.916666666666668,258.125,110.25
11,24,19.166666666666668,286.0416666666667,116.58333333333333,37.666666666666664,84.0,61.5
11,25,19.416666666666668,282.5416666666667,114.95833333333333,40.791666666666664,117.29166666666667,83.66666666666667
11,26,21.5,278.6666666666667,115.04166666666667,43.208333333333336,64.04166666666667,68.54166666666667
11,27,19.458333333333332,288.875,116.0,32.875,161.375,91.91666666666667
11,28,19.0,285.3333333333333,113.08333333333333,19.0,285.3333333333333,113.08333333333333
11,29,24.125,251.25,107.66666666666667,33.291666666666664,162.70833333333334,90.33333333333333
11,30,23.666666666666668,247.58333333333334,106.16666666666667,24.458333333333332,227.66666666666666,103.58333333333333
12,1,32.875,187.375,96.125,17.833333333333332,1.5416666666666667,18.208333333333332
12,2,19.291666666666668,270.7083333333333,106.91666666666667,29.833333333333332,150.875,85.875
12,3,22.833333333333332,236.5,99.70833333333333,27.583333333333332,41.666666666666664,41.958333333333336
12,4,16.125,288.5,107.5,18.166666666666668,252.5,103.33333333333333
12,5,17.708333333333332,284.1666666666667,107.25,34.291666666666664,137.16666666666666,81.33333333333333
12,6,23.166666666666668,239.25,100.0,31.541666666666668,30.375,41.666666666666664
12,7,21.333333333333332,254.83333333333334,102.875,22.625,0.0,22.625
12,8,21.083333333333332,260.375,103.79166666666667,33.958333333333336,148.58333333333334,80.83333333333333
12,9,30.458333333333332,199.20833333333334,95.0,13.416666666666666,0.0,13.416666666666666
12,10,20.583333333333332,274.875,106.04166666666667,39.333333333333336,39.583333333333336,52.541666666666664
12,11,17.875,281.25,104.79166666666667,19.25,218.75,96.91666666666667
12,12,16.375,283.9166666666667,103.125,16.375,283.9166666666667,103.125
12,13,18.166666666666668,272.5416666666667,102.20833333333333,24.0,231.04166666666666,93.5
12,14,20.083333333333332,258.125,100.33333333333333,30.541666666666668,173.79166666666666,83.5
12,15,25.916666666666668,216.16666666666666,93.625,15.208333333333334,0.375,15.333333333333334
12,16,22.083333333333332,243.625,97.95833333333333,21.5,0.0,21.5
12,17,20.875,256.75,100.0,32.25,31.666666666666668,40.541666666666664
12,18,19.541666666666668,252.04166666666666,99.16666666666667,26.916666666666668,24.166666666666668,36.416666666666664
12,19,22.0,246.08333333333334,98.41666666666667,30.041666666666668,3.625,30.875
12,20,30.583333333333332,210.125,97.25,21.5,0.25,21.583333333333332
12,21,17.333333333333332,305.75,109.29166666666667,17.333333333333332,305.75,109.29166666666667
12,22,21.458333333333332,276.75,106.0,25.583333333333332,245.29166666666666,97.41666666666667
12,23,22.666666666666668,268.0,104.79166666666667,30.208333333333332,181.83333333333334,86.70833333333333
12,24,33.083333333333336,214.08333333333334,101.08333333333333,36.875,13.583333333333334,41.0
12,25,22.125,273.375,106.125,22.25,250.04166666666666,104.25
12,26,21.75,273.7083333333333,106.16666666666667,35.375,7.666666666666667,36.833333333333336
12,27,24.958333333333332,254.41666666666666,103.58333333333333,34.625,134.16666666666666,71.08333333333333
12,28,36.25,193.29166666666666,99.375,16.291666666666668,2.0,16.5
12,29,26.0,254.20833333333334,105.95833333333333,39.75,89.83333333333333,63.916666666666664
12,30,22.166666666666668,272.8333333333333,107.125,41.416666666666664,46.458333333333336,55.916666666666664
12,31,23.75,259.0,105.125,30.041666666666668,4.041666666666667,31.625
